id,latitude,longitude,time,time_str,speed,stop_point,acceleration,spot_state
0,39.975496,116.333695,39566.47713,11:27:04,0,0,0,accelerate
1,39.975457,116.33375,39566.47715,11:27:06,3.1927714,0,1.5963824,tansition
2,39.975394,116.333741,39566.47716,11:27:07,7.0476108,0,3.8548627,decelerate
3,39.975334,116.333745,39566.47718,11:27:08,6.6807942,0,-0.36681575,tansition
4,39.975359,116.333651,39566.4772,11:27:10,4.2395077,0,-1.2206407,tansition
5,39.975317,116.333745,39566.47722,11:27:12,4.6362443,0,0.1983687,decelerate
6,39.975368,116.333714,39566.47725,11:27:14,3.1281774,0,-0.75403184,tansition
7,39.975394,116.333718,39566.47727,11:27:16,1.455638,0,-0.83627135,tansition
8,39.975432,116.333735,39566.47729,11:27:18,2.2335422,1,0.38895124,stop
9,39.975422,116.333749,39566.47731,11:27:20,0.81546086,1,-0.7090421,stop
10,39.975414,116.333778,39566.47734,11:27:22,1.313255,0,0.24889652,tansition
11,39.975396,116.333809,39566.47736,11:27:24,1.6571937,0,0.1719697,decelerate
12,39.975382,116.333833,39566.47738,11:27:26,1.285153,2,-0.18601993,stop
13,39.97537,116.33385,39566.47741,11:27:28,0.9848042,2,-0.1501747,stop
14,39.975369,116.333876,39566.47743,11:27:30,1.1092031,0,0.062199313,tansition
15,39.97538,116.333901,39566.47745,11:27:32,1.2283036,3,0.05955034,stop
16,39.975379,116.33392,39566.47748,11:27:34,0.81146306,3,-0.20842072,stop
17,39.975384,116.333938,39566.4775,11:27:36,0.8157753,3,0.002156103,stop
18,39.975408,116.33394,39566.47752,11:27:38,1.3371422,4,0.26068398,stop
19,39.975421,116.333942,39566.47755,11:27:40,0.72781605,4,-0.30466244,stop
20,39.97543,116.333947,39566.47757,11:27:42,0.5438709,4,-0.09197274,stop
21,39.975438,116.333951,39566.47759,11:27:44,0.4763398,4,-0.0337655,stop
22,39.975447,116.333955,39566.47762,11:27:46,0.5286364,4,0.026148356,stop
23,39.975455,116.333962,39566.47764,11:27:48,0.5355456,4,0.003454589,stop
24,39.975464,116.333969,39566.47766,11:27:50,0.58255166,4,0.023503082,stop
25,39.975473,116.333974,39566.47769,11:27:52,0.54386866,4,-0.019341458,stop
26,39.975486,116.333981,39566.47771,11:27:54,0.78193086,4,0.11903133,stop
27,39.975499,116.333989,39566.47773,11:27:56,0.79915106,4,0.008610081,stop
28,39.975513,116.333995,39566.47775,11:27:58,0.8193196,4,0.010084291,stop
29,39.975609,116.334004,39566.47778,11:28:00,5.3514314,0,2.266051,accelerate
30,39.975724,116.334025,39566.4778,11:28:02,6.456417,0,0.55249393,accelerate
31,39.97585,116.334066,39566.47782,11:28:04,7.2202163,0,0.3818988,accelerate
32,39.976138,116.334076,39566.47785,11:28:06,16.018757,0,4.399279,accelerate
33,39.976288,116.33409,39566.47786,11:28:07,16.722841,0,0.7040829,tansition
34,39.976522,116.334134,39566.47787,11:28:08,26.289907,0,9.567046,decelerate
35,39.976881,116.334225,39566.47789,11:28:10,20.333843,0,-2.978038,tansition
36,39.976985,116.334247,39566.47791,11:28:11,11.715923,0,-8.617902,accelerate
37,39.977103,116.334258,39566.47792,11:28:12,13.15522,0,1.4392936,tansition
38,39.978243,116.333814,39566.47795,11:28:15,44.098537,0,10.3144455,decelerate
39,39.978447,116.333802,39566.47796,11:28:16,22.70815,0,-21.39034,tansition
40,39.978623,116.333793,39566.47797,11:28:17,19.586653,0,-3.121517,tansition
41,39.978816,116.333773,39566.47799,11:28:18,21.529457,0,1.9428002,decelerate
42,39.979004,116.333753,39566.478,11:28:19,20.97524,0,-0.5542152,decelerate
43,39.979175,116.33372,39566.47801,11:28:20,19.222256,0,-1.7529813,tansition
44,39.979343,116.333669,39566.47802,11:28:21,19.180815,0,-0.041441213,accelerate
45,39.979514,116.333597,39566.47803,11:28:22,19.980703,0,0.79988694,tansition
46,39.979684,116.333501,39566.47804,11:28:23,20.598238,0,0.6175333,tansition
47,39.979849,116.33345,39566.47806,11:28:24,18.855873,0,-1.7423612,tansition
48,39.980016,116.333403,39566.47807,11:28:25,18.997747,0,0.14187518,tansition
49,39.980176,116.333343,39566.47808,11:28:26,18.512236,0,-0.48551074,tansition
50,39.980342,116.333297,39566.47809,11:28:27,18.871017,0,0.35878104,decelerate
51,39.980506,116.333247,39566.4781,11:28:28,18.72827,0,-0.14274883,decelerate
52,39.980665,116.333198,39566.47811,11:28:29,18.16733,0,-0.56093824,tansition
53,39.98082,116.333145,39566.47813,11:28:30,17.818056,0,-0.34927294,accelerate
54,39.980981,116.333089,39566.47814,11:28:31,18.52843,0,0.71037334,tansition
55,39.98115,116.333044,39566.47815,11:28:32,19.180414,0,0.6519876,tansition
56,39.981316,116.333002,39566.47816,11:28:33,18.803156,0,-0.37725726,tansition
57,39.981487,116.332957,39566.47817,11:28:34,19.398207,0,0.59504956,decelerate
58,39.981654,116.33292,39566.47818,11:28:35,18.836372,0,-0.56183314,tansition
59,39.981818,116.332886,39566.47819,11:28:36,18.465893,0,-0.37048206,accelerate
60,39.981983,116.332852,39566.47821,11:28:37,18.57555,0,0.10965699,accelerate
61,39.982152,116.332814,39566.47822,11:28:38,19.069954,0,0.4944028,tansition
62,39.982326,116.332772,39566.47823,11:28:39,19.677238,0,0.60728323,tansition
63,39.982492,116.332739,39566.47824,11:28:40,18.67255,0,-1.0046949,tansition
64,39.982663,116.332703,39566.47825,11:28:41,19.261274,0,0.5887225,decelerate
65,39.982832,116.33267,39566.47826,11:28:42,19.00225,0,-0.25902313,tansition
66,39.982996,116.332635,39566.47828,11:28:43,18.479282,0,-0.52296716,accelerate
67,39.983165,116.332595,39566.47829,11:28:44,19.099773,0,0.6204948,accelerate
68,39.983336,116.332552,39566.4783,11:28:45,19.365223,0,0.26544896,tansition
69,39.983508,116.332508,39566.47831,11:28:46,19.490635,0,0.12541172,decelerate
70,39.983672,116.332461,39566.47832,11:28:47,18.67157,0,-0.81906337,tansition
71,39.983836,116.332422,39566.47833,11:28:48,18.537481,0,-0.13408932,tansition
72,39.984003,116.332384,39566.47834,11:28:49,18.850801,0,0.3133195,tansition
73,39.984168,116.332345,39566.47836,11:28:50,18.646738,0,-0.20406298,tansition
74,39.984334,116.332307,39566.47837,11:28:51,18.74126,0,0.094522275,decelerate
75,39.984499,116.332264,39566.47838,11:28:52,18.71063,0,-0.030630298,decelerate
76,39.984657,116.332227,39566.47839,11:28:53,17.85044,0,-0.8601895,tansition
77,39.984812,116.332194,39566.4784,11:28:54,17.464073,0,-0.3863651,accelerate
78,39.984976,116.332171,39566.47841,11:28:55,18.342205,0,0.8781377,tansition
79,39.985142,116.33214,39566.47843,11:28:56,18.647459,0,0.30525315,tansition
80,39.985299,116.332115,39566.47844,11:28:57,17.588108,0,-1.0593487,accelerate
81,39.985466,116.332083,39566.47845,11:28:58,18.769743,0,1.1816324,tansition
82,39.985641,116.332053,39566.47846,11:28:59,19.627598,0,0.85786057,decelerate
83,39.985808,116.332029,39566.47847,11:29:00,18.682892,0,-0.94470334,tansition
84,39.985974,116.332,39566.47848,11:29:01,18.624092,0,-0.05879962,tansition
85,39.986148,116.331967,39566.4785,11:29:02,19.552292,0,0.9281978,decelerate
86,39.986318,116.33194,39566.47851,11:29:03,19.04389,0,-0.50840527,tansition
87,39.986488,116.331917,39566.47852,11:29:04,19.00555,0,-0.03833951,tansition
88,39.986661,116.3319,39566.47853,11:29:05,19.292318,0,0.28676736,decelerate
89,39.986832,116.331874,39566.47854,11:29:06,19.144066,0,-0.14825217,tansition
90,39.987003,116.331857,39566.47855,11:29:07,19.070717,0,-0.07334949,tansition
91,39.987179,116.33184,39566.47856,11:29:08,19.624985,0,0.55426633,decelerate
92,39.987347,116.331835,39566.47858,11:29:09,18.686716,0,-0.9382667,decelerate
93,39.987514,116.331834,39566.47859,11:29:10,18.570854,0,-0.11586165,decelerate
94,39.987675,116.33183,39566.4786,11:29:11,17.90685,0,-0.6640078,tansition
95,39.987835,116.331825,39566.47861,11:29:12,17.797337,0,-0.10951394,accelerate
96,39.987999,116.33182,39566.47862,11:29:13,18.24203,0,0.44469166,tansition
97,39.988169,116.331817,39566.47863,11:29:14,18.90599,0,0.66396,decelerate
98,39.988328,116.33182,39566.47865,11:29:15,17.68305,0,-1.2229487,tansition
99,39.988485,116.331813,39566.47866,11:29:16,17.468817,0,-0.2142328,tansition
100,39.988647,116.331814,39566.47867,11:29:17,18.014853,0,0.54603463,decelerate
101,39.988803,116.331817,39566.47868,11:29:18,17.349325,0,-0.6655259,decelerate
102,39.988953,116.331814,39566.47869,11:29:19,16.682327,0,-0.66700196,decelerate
103,39.9891,116.331819,39566.4787,11:29:20,16.352179,0,-0.330148,decelerate
104,39.989246,116.331817,39566.47872,11:29:21,16.23632,0,-0.11585783,decelerate
105,39.98939,116.331815,39566.47873,11:29:22,16.01407,0,-0.22225147,decelerate
106,39.989529,116.331814,39566.47874,11:29:23,15.45724,0,-0.55682886,tansition
107,39.989658,116.331804,39566.47875,11:29:24,14.370278,0,-1.0869595,tansition
108,39.989791,116.3318,39566.47876,11:29:25,14.793732,0,0.42345244,decelerate
109,39.98991,116.331798,39566.47877,11:29:26,13.234198,0,-1.5595444,decelerate
110,39.990021,116.3318,39566.47878,11:29:27,12.344541,0,-0.8896546,decelerate
111,39.990125,116.331826,39566.4788,11:29:28,11.775193,0,-0.5693462,decelerate
112,39.99023,116.331823,39566.47881,11:29:29,11.67896,0,-0.09623317,decelerate
113,39.990331,116.331817,39566.47882,11:29:30,11.243083,0,-0.43587977,tansition
114,39.990516,116.331854,39566.47884,11:29:32,10.406197,0,-0.4184422,tansition
115,39.990615,116.331852,39566.47885,11:29:33,11.010272,0,0.6040742,decelerate
116,39.990711,116.331855,39566.47887,11:29:34,10.678502,0,-0.33177215,decelerate
117,39.99089,116.331855,39566.47889,11:29:36,9.952536,0,-0.36298233,decelerate
118,39.99105,116.331915,39566.47891,11:29:38,9.256046,0,-0.34824547,decelerate
119,39.991196,116.331942,39566.47894,11:29:40,8.198785,0,-0.5286294,decelerate
120,39.991336,116.331934,39566.47896,11:29:42,7.791599,0,-0.20359348,decelerate
121,39.991451,116.331946,39566.47898,11:29:44,6.414488,0,-0.6885538,decelerate
122,39.991553,116.331932,39566.479,11:29:46,5.7025743,0,-0.3559576,decelerate
123,39.991605,116.331937,39566.47903,11:29:48,2.8990738,5,-1.4017467,stop
124,39.991598,116.331937,39566.47905,11:29:50,0.38920712,5,-1.2549362,stop
125,39.99159,116.331935,39566.47907,11:29:52,0.45289156,5,0.03184214,stop
126,39.991596,116.331945,39566.4791,11:29:54,0.5410662,5,0.04408742,stop
127,39.991601,116.33195,39566.47912,11:29:56,0.3502152,5,-0.095425315,stop
128,39.991668,116.331992,39566.47914,11:29:58,4.1326213,0,1.8912067,decelerate
129,39.99172,116.332005,39566.47917,11:30:00,2.943796,0,-0.59441143,decelerate
130,39.991764,116.331981,39566.47919,11:30:02,2.6514697,0,-0.14616339,tansition
131,39.991793,116.331948,39566.47921,11:30:04,2.139153,0,-0.25615782,tansition
132,39.991843,116.33193,39566.47924,11:30:06,2.8838522,0,0.37235036,decelerate
133,39.99188,116.331905,39566.47926,11:30:08,2.3165264,0,-0.28366232,tansition
134,39.991907,116.331886,39566.47928,11:30:10,1.7055047,0,-0.30551147,tansition
135,39.991935,116.331866,39566.47931,11:30:12,1.7746886,0,0.0345919,decelerate
136,39.991951,116.33185,39566.47933,11:30:14,1.1206912,6,-0.32699937,stop
137,39.991963,116.331846,39566.47935,11:30:16,0.68862575,6,-0.2160332,stop
138,39.991967,116.331839,39566.47938,11:30:18,0.37199005,6,-0.15831746,stop
139,39.991972,116.331849,39566.4794,11:30:20,0.50866944,6,0.06833985,stop
140,39.991966,116.331851,39566.47942,11:30:22,0.34431124,6,-0.0821789,stop
141,39.99194,116.331863,39566.47944,11:30:24,1.5333413,0,0.5945164,accelerate
142,39.991906,116.331844,39566.47947,11:30:26,2.0563965,0,0.26152697,accelerate
143,39.991888,116.331801,39566.47949,11:30:28,2.0872946,0,0.015449083,tansition
144,39.991859,116.331761,39566.47951,11:30:30,2.3458922,0,0.1292985,decelerate
145,39.991834,116.331738,39566.47954,11:30:32,1.7006134,0,-0.32264015,tansition
146,39.991855,116.331718,39566.47956,11:30:34,1.4453906,0,-0.12761109,accelerate
147,39.991859,116.331678,39566.47958,11:30:36,1.7183706,0,0.1364903,accelerate
148,39.991862,116.33163,39566.47961,11:30:38,2.0514834,0,0.16655602,accelerate
149,39.991942,116.331602,39566.47963,11:30:40,4.6052213,0,1.2768718,accelerate
150,39.992052,116.331601,39566.47965,11:30:42,6.1162314,0,0.75550324,accelerate
151,39.992224,116.33161,39566.47968,11:30:44,9.571056,0,1.7274164,tansition
152,39.992419,116.331604,39566.47969,11:30:45,21.690313,0,12.119224,tansition
153,39.992588,116.33162,39566.4797,11:30:46,18.842432,0,-2.8478754,accelerate
154,39.992815,116.331614,39566.47971,11:30:47,25.24815,0,6.405761,tansition
155,39.993048,116.33162,39566.47972,11:30:48,25.915003,0,0.6668515,decelerate
156,39.993264,116.331698,39566.47973,11:30:49,24.921776,0,-0.99322426,tansition
157,39.993471,116.331717,39566.47975,11:30:50,23.075563,0,-1.8462085,tansition
158,39.993717,116.331835,39566.47976,11:30:51,29.144499,0,6.068976,decelerate
159,39.993882,116.331905,39566.47977,11:30:52,19.293056,0,-9.851421,decelerate
160,39.994046,116.331904,39566.47978,11:30:53,18.237242,0,-1.0558119,tansition
161,39.994203,116.331908,39566.47979,11:30:54,17.46197,0,-0.7752707,accelerate
162,39.994368,116.331871,39566.4798,11:30:55,18.617208,0,1.1552469,tansition
163,39.994564,116.331855,39566.47981,11:30:56,21.838085,0,3.2208698,tansition
164,39.994723,116.331839,39566.47983,11:30:57,17.7335,0,-4.104574,accelerate
165,39.994887,116.331826,39566.47984,11:30:58,18.27065,0,0.5371502,tansition
166,39.99507,116.331801,39566.47985,11:30:59,20.46121,0,2.190574,tansition
167,39.995234,116.331789,39566.47986,11:31:00,18.265684,0,-2.1955214,accelerate
168,39.995417,116.331787,39566.47987,11:31:01,20.350584,0,2.0848942,tansition
169,39.995604,116.331754,39566.47988,11:31:02,20.983864,0,0.6332784,tansition
170,39.995782,116.331743,39566.4799,11:31:03,19.816221,0,-1.1676503,tansition
171,39.995974,116.331737,39566.47991,11:31:04,21.356802,0,1.5405765,decelerate
172,39.996153,116.331726,39566.47992,11:31:05,19.927124,0,-1.429675,decelerate
173,39.996329,116.331711,39566.47993,11:31:06,19.613144,0,-0.31397945,decelerate
174,39.996498,116.331699,39566.47994,11:31:07,18.82101,0,-0.79213864,tansition
175,39.996665,116.331688,39566.47995,11:31:08,18.594275,0,-0.22673544,tansition
176,39.996839,116.331675,39566.47997,11:31:09,19.380737,0,0.7864611,tansition
177,39.997007,116.331666,39566.47998,11:31:10,18.697586,0,-0.6831498,accelerate
178,39.997186,116.331654,39566.47999,11:31:11,19.931486,0,1.2339083,tansition
179,39.997369,116.331636,39566.48,11:31:12,20.40756,0,0.4760729,decelerate
180,39.99755,116.331618,39566.48001,11:31:13,20.185806,0,-0.2217536,tansition
181,39.997716,116.331606,39566.48002,11:31:14,18.487904,0,-1.697914,accelerate
182,39.997886,116.331592,39566.48003,11:31:15,18.941847,0,0.4539423,tansition
183,39.998057,116.331571,39566.48005,11:31:16,19.099419,0,0.15757136,tansition
184,39.998226,116.331553,39566.48006,11:31:17,18.855515,0,-0.24390359,tansition
185,39.998397,116.331539,39566.48007,11:31:18,19.052996,0,0.19748248,tansition
186,39.998567,116.331531,39566.48008,11:31:19,18.916544,0,-0.13645144,tansition
187,39.998739,116.331534,39566.48009,11:31:20,19.128363,0,0.21181811,tansition
188,39.998911,116.331534,39566.4801,11:31:21,19.126667,0,-0.001695629,tansition
189,39.999085,116.331528,39566.48012,11:31:22,19.35599,0,0.22932397,tansition
190,39.999249,116.331515,39566.48013,11:31:23,18.270647,0,-1.0853401,tansition
191,39.999423,116.331499,39566.48014,11:31:24,19.397003,0,1.126353,decelerate
192,39.999588,116.331478,39566.48015,11:31:25,18.435257,0,-0.9617442,tansition
193,39.999749,116.331456,39566.48016,11:31:26,18.001429,0,-0.43383124,accelerate
194,39.999912,116.331435,39566.48017,11:31:27,18.213915,0,0.21248582,tansition
195,40.000078,116.331417,39566.48019,11:31:28,18.52302,0,0.30910406,tansition
196,40.000238,116.331404,39566.4802,11:31:29,17.826677,0,-0.696341,tansition
197,40.000409,116.331385,39566.48021,11:31:30,19.084389,0,1.2577198,decelerate
198,40.000569,116.331375,39566.48022,11:31:31,17.812628,0,-1.2717582,tansition
199,40.000725,116.331353,39566.48023,11:31:32,17.448366,0,-0.3642606,tansition
200,40.000892,116.331336,39566.48024,11:31:33,18.627035,0,1.1786665,decelerate
201,40.001055,116.331324,39566.48025,11:31:34,18.154814,0,-0.47222453,decelerate
202,40.001217,116.331315,39566.48027,11:31:35,18.030956,0,-0.12385724,tansition
203,40.001379,116.331308,39566.48028,11:31:36,18.024506,0,-0.006450635,accelerate
204,40.001549,116.331306,39566.48029,11:31:37,18.905031,0,0.88052374,accelerate
205,40.00172,116.331301,39566.4803,11:31:38,19.020401,0,0.115370564,tansition
206,40.001894,116.331295,39566.48031,11:31:39,19.355806,0,0.33540443,decelerate
207,40.002067,116.331283,39566.48032,11:31:40,19.265005,0,-0.090801045,tansition
208,40.002233,116.331277,39566.48034,11:31:41,18.466532,0,-0.7984717,tansition
209,40.002404,116.33127,39566.48035,11:31:42,19.024979,0,0.55845064,tansition
210,40.002572,116.331268,39566.48036,11:31:43,18.682625,0,-0.34235287,accelerate
211,40.002743,116.331272,39566.48037,11:31:44,19.018517,0,0.335891,tansition
212,40.002915,116.33128,39566.48038,11:31:45,19.138971,0,0.12045559,tansition
213,40.003085,116.331282,39566.48039,11:31:46,18.905031,0,-0.23393963,tansition
214,40.003261,116.331287,39566.48041,11:31:47,19.576094,0,0.6710606,tansition
215,40.003434,116.331293,39566.48042,11:31:48,19.244656,0,-0.33143735,tansition
216,40.00361,116.331297,39566.48043,11:31:49,19.574612,0,0.32995826,tansition
217,40.003774,116.331298,39566.48044,11:31:50,18.237253,0,-1.3373556,tansition
218,40.003939,116.331302,39566.48045,11:31:51,18.351408,0,0.1141545,tansition
219,40.004104,116.331301,39566.48046,11:31:52,18.348454,0,-0.002954477,tansition
220,40.004269,116.3313,39566.48047,11:31:53,18.348616,0,1.62E-04,decelerate
221,40.004434,116.3313,39566.48049,11:31:54,18.348255,0,-3.60E-04,decelerate
222,40.004598,116.331303,39566.4805,11:31:55,18.238832,0,-0.109422386,tansition
223,40.004761,116.331304,39566.48051,11:31:56,18.126053,0,-0.11277938,tansition
224,40.004927,116.331302,39566.48052,11:31:57,18.460405,0,0.33435473,tansition
225,40.005089,116.331298,39566.48053,11:31:58,18.017874,0,-0.44253066,accelerate
226,40.005254,116.331294,39566.48054,11:31:59,18.351408,0,0.33353332,tansition
227,40.005421,116.33129,39566.48056,11:32:00,18.573784,0,0.2223754,tansition
228,40.005587,116.331278,39566.48057,11:32:01,18.487898,0,-0.085886575,tansition
229,40.005753,116.331265,39566.48058,11:32:02,18.49264,0,0.004741659,decelerate
230,40.005909,116.331236,39566.48059,11:32:03,17.522415,0,-0.9702217,tansition
231,40.006054,116.331194,39566.4806,11:32:04,16.516323,0,-1.0060899,accelerate
232,40.006215,116.33116,39566.48061,11:32:05,18.136326,0,1.6200136,tansition
233,40.006381,116.331117,39566.48063,11:32:06,18.81931,0,0.68298197,decelerate
234,40.006527,116.331059,39566.48064,11:32:07,16.970419,0,-1.8488852,tansition
235,40.00667,116.330995,39566.48065,11:32:08,16.810265,0,-0.160154,accelerate
236,40.006825,116.33094,39566.48066,11:32:09,17.861698,0,1.0514406,tansition
237,40.006982,116.330881,39566.48067,11:32:10,18.167519,0,0.30581963,decelerate
238,40.007136,116.330819,39566.48068,11:32:11,17.920807,0,-0.24671121,tansition
239,40.00728,116.330746,39566.48069,11:32:12,17.17801,0,-0.7428009,tansition
240,40.007426,116.330665,39566.48071,11:32:13,17.640549,0,0.46253678,decelerate
241,40.007567,116.330581,39566.48072,11:32:14,17.234695,0,-0.40585217,tansition
242,40.007707,116.330497,39566.48073,11:32:15,17.133595,0,-0.101100706,accelerate
243,40.007855,116.330414,39566.48074,11:32:16,17.912138,0,0.77854866,accelerate
244,40.008005,116.330325,39566.48075,11:32:17,18.322004,0,0.40986547,tansition
245,40.008154,116.33023,39566.48076,11:32:18,18.439283,0,0.11727873,decelerate
246,40.008295,116.330131,39566.48078,11:32:19,17.803043,0,-0.63623863,tansition
247,40.008432,116.330027,39566.48079,11:32:20,17.622894,0,-0.18015029,tansition
248,40.008578,116.329917,39566.4808,11:32:21,18.744902,0,1.122005,tansition
249,40.008721,116.329802,39566.48081,11:32:22,18.676481,0,-0.068420224,accelerate
250,40.008867,116.329689,39566.48082,11:32:23,18.873896,0,0.19741398,tansition
251,40.009007,116.329561,39566.48083,11:32:24,19.006203,0,0.13230793,tansition
252,40.009143,116.32943,39566.48084,11:32:25,18.793987,0,-0.21221498,accelerate
253,40.009276,116.32929,39566.48086,11:32:26,18.998098,0,0.20411053,accelerate
254,40.009402,116.329136,39566.48087,11:32:27,19.19292,0,0.1948219,tansition
255,40.00953,116.328984,39566.48088,11:32:28,19.241001,0,0.048080765,decelerate
256,40.009657,116.328833,39566.48089,11:32:29,19.101246,0,-0.13975495,tansition
257,40.009777,116.328676,39566.4809,11:32:30,18.89133,0,-0.20991458,accelerate
258,40.009898,116.32852,39566.48091,11:32:31,18.910095,0,0.018764457,accelerate
259,40.010026,116.328368,39566.48093,11:32:32,19.240938,0,0.33084518,accelerate
260,40.010154,116.328214,39566.48094,11:32:33,19.355782,0,0.11484312,tansition
261,40.010285,116.328058,39566.48095,11:32:34,19.71677,0,0.36098763,decelerate
262,40.010417,116.327904,39566.48096,11:32:35,19.68533,0,-0.031440943,decelerate
263,40.010541,116.327746,39566.48097,11:32:36,19.267406,0,-0.41792208,tansition
264,40.010657,116.327596,39566.48098,11:32:37,18.155315,0,-1.1120887,accelerate
265,40.010779,116.327448,39566.481,11:32:38,18.51889,0,0.36357397,tansition
266,40.01091,116.327299,39566.48101,11:32:39,19.320122,0,0.80123675,tansition
267,40.011033,116.327155,39566.48102,11:32:40,18.371315,0,-0.94880474,tansition
268,40.011156,116.32701,39566.48103,11:32:41,18.42827,0,0.05695522,tansition
269,40.01127,116.326864,39566.48104,11:32:42,17.757673,0,-0.6705952,tansition
270,40.011389,116.326711,39566.48105,11:32:43,18.572289,0,0.8146207,decelerate
271,40.011508,116.326558,39566.48106,11:32:44,18.57211,0,-1.79E-04,decelerate
272,40.011632,116.326414,39566.48108,11:32:45,18.454172,0,-0.11793676,tansition
273,40.011751,116.326269,39566.48109,11:32:46,18.100508,0,-0.35366365,tansition
274,40.011874,116.326123,39566.4811,11:32:47,18.48553,0,0.38502568,tansition
275,40.011995,116.325977,39566.48111,11:32:48,18.321404,0,-0.164127,tansition
276,40.012123,116.325829,39566.48112,11:32:49,19.012934,0,0.6915283,tansition
277,40.012249,116.325686,39566.48113,11:32:50,18.564892,0,-0.44804096,tansition
278,40.012382,116.325536,39566.48115,11:32:51,19.543755,0,0.9788693,tansition
279,40.01251,116.325386,39566.48116,11:32:52,19.126255,0,-0.41749865,accelerate
280,40.012639,116.325233,39566.48117,11:32:53,19.38,0,0.25374344,accelerate
281,40.012771,116.325081,39566.48118,11:32:54,19.57177,0,0.19177015,tansition
282,40.012906,116.324929,39566.48119,11:32:55,19.823355,0,0.25158668,tansition
283,40.013032,116.324781,39566.4812,11:32:56,18.846912,0,-0.97644025,tansition
284,40.013158,116.324628,39566.48122,11:32:57,19.134314,0,0.2874004,decelerate
285,40.013282,116.324477,39566.48123,11:32:58,18.855467,0,-0.27884614,decelerate
286,40.013405,116.324325,39566.48124,11:32:59,18.832891,0,-0.02257553,decelerate
287,40.013525,116.32417,39566.48125,11:33:00,18.77064,0,-0.062251914,decelerate
288,40.013644,116.324014,39566.48126,11:33:01,18.751968,0,-0.018670984,tansition
289,40.013766,116.323863,39566.48127,11:33:02,18.69354,0,-0.0584282,accelerate
290,40.013884,116.323706,39566.48128,11:33:03,18.734333,0,0.04079238,accelerate
291,40.014003,116.323547,39566.4813,11:33:04,18.93382,0,0.19948727,tansition
292,40.014128,116.323396,39566.48131,11:33:05,18.93682,0,0.002998344,tansition
293,40.014251,116.323248,39566.48132,11:33:06,18.600248,0,-0.33657297,accelerate
294,40.014378,116.323096,39566.48133,11:33:07,19.158094,0,0.5578449,tansition
295,40.01451,116.322947,39566.48134,11:33:08,19.403498,0,0.24540277,decelerate
296,40.014643,116.322812,39566.48135,11:33:09,18.733177,0,-0.67031866,decelerate
297,40.014768,116.322667,39566.48137,11:33:10,18.593668,0,-0.13951014,tansition
298,40.014891,116.32252,39566.48138,11:33:11,18.542395,0,-0.051273238,accelerate
299,40.015021,116.322368,39566.48139,11:33:12,19.405243,0,0.86284643,tansition
300,40.015151,116.322215,39566.4814,11:33:13,19.462132,0,0.056888424,tansition
301,40.015278,116.322069,39566.48141,11:33:14,18.816628,0,-0.6455083,tansition
302,40.015408,116.321927,39566.48142,11:33:15,18.847729,0,0.031101162,decelerate
303,40.015537,116.321792,39566.48144,11:33:16,18.383947,0,-0.46378037,decelerate
304,40.015662,116.321652,39566.48145,11:33:17,18.313334,0,-0.07061367,decelerate
305,40.015782,116.321518,39566.48146,11:33:18,17.558792,0,-0.75454646,tansition
306,40.015893,116.321396,39566.48147,11:33:19,16.134283,0,-1.4245061,tansition
307,40.016014,116.321275,39566.48148,11:33:20,16.94817,0,0.8138844,tansition
308,40.016131,116.321151,39566.48149,11:33:21,16.757067,0,-0.19110258,accelerate
309,40.016249,116.321025,39566.4815,11:33:22,16.951002,0,0.19393669,accelerate
310,40.016378,116.320894,39566.48152,11:33:23,18.172754,0,1.2217495,accelerate
311,40.016507,116.320757,39566.48153,11:33:24,18.490835,0,0.31808004,accelerate
312,40.016636,116.320619,39566.48154,11:33:25,18.54469,0,0.053853873,accelerate
313,40.016767,116.32048,39566.48155,11:33:26,18.771,0,0.22631223,tansition
314,40.0169,116.320342,39566.48156,11:33:27,18.890839,0,0.11983846,decelerate
315,40.017036,116.320218,39566.48157,11:33:28,18.445547,0,-0.4452903,tansition
316,40.017165,116.320093,39566.48159,11:33:29,17.863686,0,-0.5818654,tansition
317,40.017307,116.31998,39566.4816,11:33:30,18.492043,0,0.6283556,decelerate
318,40.017455,116.319882,39566.48161,11:33:31,18.453089,0,-0.0389537,tansition
319,40.017598,116.319778,39566.48162,11:33:32,18.202032,0,-0.251056,accelerate
320,40.017742,116.319675,39566.48163,11:33:33,18.258356,0,0.05632438,tansition
321,40.017897,116.319577,39566.48164,11:33:34,19.150547,0,0.892189,tansition
322,40.018047,116.319484,39566.48166,11:33:35,18.465073,0,-0.68547297,tansition
323,40.018214,116.319389,39566.48167,11:33:36,20.256464,0,1.7913865,decelerate
324,40.018376,116.319307,39566.48168,11:33:37,19.321001,0,-0.9354692,tansition
325,40.018524,116.319234,39566.48169,11:33:38,17.592878,0,-1.728119,accelerate
326,40.018678,116.319158,39566.4817,11:33:39,18.307318,0,0.7144379,accelerate
327,40.018834,116.319076,39566.48171,11:33:40,18.700253,0,0.39293373,tansition
328,40.018997,116.318995,39566.48172,11:33:41,19.39425,0,0.694003,decelerate
329,40.019156,116.318912,39566.48174,11:33:42,19.04158,0,-0.35266992,decelerate
330,40.019314,116.318832,39566.48175,11:33:43,18.8445,0,-0.1970802,decelerate
331,40.019453,116.318777,39566.48176,11:33:44,16.151085,0,-2.6934073,decelerate
332,40.019575,116.318717,39566.48177,11:33:45,14.497057,0,-1.654039,decelerate
333,40.019696,116.318669,39566.48178,11:33:46,14.062607,0,-0.43444923,tansition
334,40.019804,116.318627,39566.48179,11:33:47,12.531067,0,-1.5315367,accelerate
335,40.019919,116.318576,39566.48181,11:33:48,13.505575,0,0.9745056,tansition
336,40.020042,116.318526,39566.48182,11:33:49,14.325373,0,0.819803,tansition
337,40.020151,116.318481,39566.48183,11:33:50,12.712346,0,-1.6130232,tansition
338,40.020277,116.318436,39566.48184,11:33:51,14.5260105,0,1.8136606,decelerate
339,40.020395,116.318396,39566.48185,11:33:52,13.556714,0,-0.9692938,tansition
340,40.020508,116.318355,39566.48186,11:33:53,13.041957,0,-0.5147606,tansition
341,40.020633,116.318312,39566.48188,11:33:54,14.374444,0,1.3324842,decelerate
342,40.020757,116.318267,39566.48189,11:33:55,14.311591,0,-0.06285269,tansition
343,40.020878,116.318225,39566.4819,11:33:56,13.922772,0,-0.38882133,tansition
344,40.021002,116.318182,39566.48191,11:33:57,14.266934,0,0.34416127,decelerate
345,40.021126,116.318142,39566.48192,11:33:58,14.203506,0,-0.06342779,tansition
346,40.021242,116.318105,39566.48193,11:33:59,13.278623,0,-0.9248813,tansition
347,40.02137,116.318067,39566.48194,11:34:00,14.597146,0,1.3185322,decelerate
348,40.021497,116.318033,39566.48196,11:34:01,14.416347,0,-0.1807991,tansition
349,40.021617,116.317993,39566.48197,11:34:02,13.772089,0,-0.6442562,accelerate
350,40.021747,116.317949,39566.48198,11:34:03,14.933895,0,1.1618029,accelerate
351,40.021883,116.317903,39566.48199,11:34:04,15.62264,0,0.68874913,accelerate
352,40.022024,116.317861,39566.482,11:34:05,16.082178,0,0.45953748,accelerate
353,40.022172,116.317814,39566.48201,11:34:06,16.937517,0,0.85533726,accelerate
354,40.022321,116.317766,39566.48203,11:34:07,17.065773,0,0.12825549,accelerate
355,40.022473,116.317714,39566.48204,11:34:08,17.473215,0,0.4074448,accelerate
356,40.022625,116.317661,39566.48205,11:34:09,17.494835,0,0.02161975,accelerate
357,40.022779,116.317603,39566.48206,11:34:10,17.823067,0,0.32823113,accelerate
358,40.022935,116.317549,39566.48207,11:34:11,17.946566,0,0.123498574,accelerate
359,40.023094,116.3175,39566.48208,11:34:12,18.166904,0,0.2203403,tansition
360,40.023254,116.31745,39566.48209,11:34:13,18.29462,0,0.1277158,decelerate
361,40.023412,116.317396,39566.48211,11:34:14,18.161636,0,-0.13298388,decelerate
362,40.023566,116.317341,39566.48212,11:34:15,17.753942,0,-0.40769273,decelerate
363,40.023719,116.317287,39566.48213,11:34:16,17.624458,0,-0.12948504,tansition
364,40.023869,116.317234,39566.48214,11:34:17,17.280033,0,-0.3444245,tansition
365,40.024028,116.317177,39566.48215,11:34:18,18.335196,0,1.0551602,tansition
366,40.024185,116.317121,39566.48216,11:34:19,18.098185,0,-0.2370103,accelerate
367,40.024344,116.31706,39566.48218,11:34:20,18.42845,0,0.33026725,tansition
368,40.024504,116.317,39566.48219,11:34:21,18.51132,0,0.082870305,decelerate
369,40.024658,116.316939,39566.4822,11:34:22,17.895504,0,-0.6158148,decelerate
370,40.024813,116.316883,39566.48221,11:34:23,17.883883,0,-0.011621546,tansition
371,40.024965,116.316826,39566.48222,11:34:24,17.585745,0,-0.29813704,tansition
372,40.025122,116.316765,39566.48223,11:34:25,18.214994,0,0.62924826,tansition
373,40.02527,116.316699,39566.48225,11:34:26,17.390984,0,-0.8240091,accelerate
374,40.02542,116.316641,39566.48226,11:34:27,17.396206,0,0.005222352,accelerate
375,40.025575,116.316575,39566.48227,11:34:28,18.129364,0,0.73315656,tansition
376,40.025734,116.316512,39566.48228,11:34:29,18.476984,0,0.34761927,decelerate
377,40.025892,116.316449,39566.48229,11:34:30,18.370586,0,-0.10639734,tansition
378,40.026047,116.316382,39566.4823,11:34:31,18.15609,0,-0.21449804,tansition
379,40.026211,116.316322,39566.48231,11:34:32,18.93921,0,0.78311944,decelerate
380,40.026372,116.316258,39566.48233,11:34:33,18.714523,0,-0.2246871,decelerate
381,40.026527,116.316201,39566.48234,11:34:34,17.906586,0,-0.8079354,decelerate
382,40.026681,116.316145,39566.48235,11:34:35,17.776707,0,-0.12987986,tansition
383,40.026832,116.316085,39566.48236,11:34:36,17.551504,0,-0.22520208,tansition
384,40.026985,116.316021,39566.48237,11:34:37,17.86533,0,0.31382495,tansition
385,40.027138,116.315961,39566.48238,11:34:38,17.764378,0,-0.10095187,accelerate
386,40.027292,116.315898,39566.4824,11:34:39,17.945776,0,0.1813996,tansition
387,40.027451,116.31583,39566.48241,11:34:40,18.605019,0,0.65924126,decelerate
388,40.027605,116.315766,39566.48242,11:34:41,17.971249,0,-0.6337686,tansition
389,40.027757,116.3157,39566.48243,11:34:42,17.812428,0,-0.15882067,tansition
390,40.027916,116.31564,39566.48244,11:34:43,18.404554,0,0.5921308,tansition
391,40.028071,116.315578,39566.48245,11:34:44,18.026627,0,-0.37792698,accelerate
392,40.028226,116.315508,39566.48247,11:34:45,18.237755,0,0.21112779,tansition
393,40.028383,116.315443,39566.48248,11:34:46,18.314947,0,0.0771921,decelerate
394,40.028537,116.315378,39566.48249,11:34:47,17.997389,0,-0.3175604,tansition
395,40.028689,116.315323,39566.4825,11:34:48,17.539434,0,-0.45795342,accelerate
396,40.028841,116.315266,39566.48251,11:34:49,17.585669,0,0.046234034,tansition
397,40.028997,116.315212,39566.48252,11:34:50,17.946619,0,0.36095265,tansition
398,40.029145,116.31516,39566.48253,11:34:51,17.043037,0,-0.9035797,tansition
399,40.029294,116.31511,39566.48255,11:34:52,17.107267,0,0.06422983,decelerate
400,40.02944,116.315058,39566.48256,11:34:53,16.828365,0,-0.27890146,decelerate
401,40.029577,116.315005,39566.48257,11:34:54,15.889101,0,-0.93926996,decelerate
402,40.02971,116.31495,39566.48258,11:34:55,15.513554,0,-0.3755466,decelerate
403,40.029838,116.3149,39566.48259,11:34:56,14.856869,0,-0.6566835,decelerate
404,40.029958,116.314845,39566.4826,11:34:57,14.142104,0,-0.7147631,decelerate
405,40.03007,116.314797,39566.48262,11:34:58,13.10815,0,-1.0339608,decelerate
406,40.030182,116.314752,39566.48263,11:34:59,13.030654,0,-0.07749541,decelerate
407,40.03029,116.314708,39566.48264,11:35:00,12.580569,0,-0.45008373,decelerate
408,40.030395,116.314666,39566.48265,11:35:01,12.21155,0,-0.36901873,decelerate
409,40.030498,116.314629,39566.48266,11:35:02,11.879236,0,-0.33231553,decelerate
410,40.030598,116.314587,39566.48267,11:35:03,11.68105,0,-0.1981855,decelerate
411,40.030695,116.314541,39566.48269,11:35:04,11.475657,0,-0.2053924,decelerate
412,40.030787,116.314492,39566.4827,11:35:05,11.048579,0,-0.42707708,decelerate
413,40.030875,116.314442,39566.48271,11:35:06,10.671814,0,-0.37676775,decelerate
414,40.031033,116.314353,39566.48273,11:35:08,9.567215,0,-0.5522983,decelerate
415,40.031169,116.314267,39566.48275,11:35:10,8.401493,0,-0.5828621,decelerate
416,40.03128,116.31418,39566.48278,11:35:12,7.197801,0,-0.6018447,decelerate
417,40.031374,116.314099,39566.4828,11:35:14,6.261626,0,-0.4680886,decelerate
418,40.031443,116.314016,39566.48282,11:35:16,5.215789,0,-0.52291733,decelerate
419,40.031505,116.313959,39566.48285,11:35:18,4.2157273,0,-0.5000317,decelerate
420,40.031571,116.31393,39566.48287,11:35:20,3.8717718,0,-0.1719774,decelerate
421,40.031626,116.313927,39566.48289,11:35:22,3.0607212,0,-0.40552613,decelerate
422,40.031674,116.313944,39566.48292,11:35:24,2.765229,0,-0.14774577,decelerate
423,40.031704,116.31396,39566.48294,11:35:26,1.8017535,0,-0.4817387,decelerate
424,40.031723,116.31397,39566.48296,11:35:28,1.1389719,7,-0.33139008,stop
425,40.03174,116.313969,39566.48299,11:35:30,0.94617534,7,-0.09639848,stop
426,40.031755,116.313968,39566.48301,11:35:32,0.8350975,7,-0.055538803,stop
427,40.03177,116.313964,39566.48303,11:35:34,0.85122293,7,0.008062736,stop
428,40.031775,116.313953,39566.48306,11:35:36,0.5446028,7,-0.15330973,stop
429,40.03178,116.313939,39566.48308,11:35:38,0.6576695,7,0.05653345,stop
430,40.031785,116.313931,39566.4831,11:35:40,0.43963915,7,-0.1090149,stop
431,40.031788,116.313926,39566.48313,11:35:42,0.27043447,7,-0.084602535,stop
432,40.03179,116.313922,39566.48315,11:35:44,0.2033845,7,-0.03352505,stop
433,40.031788,116.313926,39566.48317,11:35:46,0.20338367,7,-4.17E-07,stop
434,40.031788,116.313929,39566.48319,11:35:48,0.12771901,7,-0.0378324,stop
435,40.031791,116.31393,39566.48322,11:35:50,0.17214954,7,0.022215215,stop
436,40.031792,116.31393,39566.48324,11:35:52,0.055601,7,-0.058274385,stop
437,40.031792,116.31393,39566.48326,11:35:54,0,7,-0.02780044,stop
438,40.03179,116.313925,39566.48329,11:35:56,0.2401612,7,0.120080836,stop
439,40.03179,116.31392,39566.48331,11:35:58,0.21286415,7,-0.013648496,stop
440,40.031788,116.313917,39566.48333,11:36:00,0.16934589,7,-0.021759173,stop
441,40.031787,116.313912,39566.48336,11:36:02,0.2200059,7,0.025329953,stop
442,40.031787,116.313903,39566.48338,11:36:04,0.38315704,7,0.08157574,stop
443,40.031792,116.313887,39566.4834,11:36:06,0.7357121,7,0.17627716,stop
444,40.031828,116.313884,39566.48343,11:36:08,2.0057065,0,0.63499844,accelerate
445,40.031957,116.31386,39566.48345,11:36:10,7.2449102,0,2.6195962,accelerate
446,40.032048,116.313842,39566.48346,11:36:11,10.234827,0,2.989935,tansition
447,40.032213,116.313843,39566.48347,11:36:12,18.348454,0,8.113609,decelerate
448,40.032355,116.313792,39566.48348,11:36:13,16.376816,0,-1.9716336,tansition
449,40.03249,116.313745,39566.4835,11:36:14,15.536438,0,-0.840376,accelerate
450,40.032689,116.313696,39566.48351,11:36:15,22.519148,0,6.9827523,tansition
451,40.032921,116.313688,39566.48352,11:36:16,25.80775,0,3.288596,tansition
452,40.033083,116.313639,39566.48353,11:36:17,18.491451,0,-7.3162837,accelerate
453,40.033266,116.313609,39566.48354,11:36:18,20.509565,0,2.0181098,tansition
454,40.033493,116.313565,39566.48355,11:36:19,25.519445,0,5.0099106,tansition
455,40.033665,116.313485,39566.48356,11:36:20,20.303339,0,-5.2160954,tansition
456,40.033842,116.313423,39566.48358,11:36:21,20.378279,0,0.07493957,decelerate
457,40.034009,116.313347,39566.48359,11:36:22,19.665745,0,-0.71253246,tansition
458,40.034164,116.313266,39566.4836,11:36:23,18.564919,0,-1.1008329,accelerate
459,40.034321,116.313181,39566.48361,11:36:24,18.89921,0,0.33429074,tansition
460,40.034488,116.3131,39566.48362,11:36:25,19.809885,0,0.91067314,decelerate
461,40.034649,116.31301,39566.48363,11:36:26,19.474392,0,-0.33549237,tansition
462,40.034805,116.312907,39566.48365,11:36:27,19.438267,0,-0.036125403,tansition
463,40.034959,116.312794,39566.48366,11:36:28,19.642582,0,0.20431475,tansition
464,40.03511,116.312695,39566.48367,11:36:29,18.788311,0,-0.85426915,tansition
465,40.035268,116.31257,39566.48368,11:36:30,20.541811,0,1.7534963,tansition
466,40.035422,116.312455,39566.48369,11:36:31,19.726675,0,-0.8151409,accelerate
467,40.035573,116.312324,39566.4837,11:36:32,20.15818,0,0.43150428,tansition
468,40.035732,116.312194,39566.48372,11:36:33,20.859695,0,0.7015137,decelerate
469,40.035885,116.312074,39566.48373,11:36:34,19.845787,0,-1.0139062,decelerate
470,40.036036,116.311955,39566.48374,11:36:35,19.61148,0,-0.23430775,decelerate
471,40.03618,116.311845,39566.48375,11:36:36,18.550692,0,-1.0607868,tansition
472,40.036318,116.311739,39566.48376,11:36:37,17.802862,0,-0.7478278,accelerate
473,40.036458,116.311631,39566.48377,11:36:38,18.081062,0,0.27820185,tansition
474,40.036601,116.311522,39566.48378,11:36:39,18.411697,0,0.33063436,decelerate
475,40.03674,116.311416,39566.4838,11:36:40,17.898777,0,-0.5129193,tansition
476,40.036874,116.311309,39566.48381,11:36:41,17.465124,0,-0.43365195,tansition
477,40.037007,116.311188,39566.48382,11:36:42,18.024199,0,0.5590778,tansition
478,40.03713,116.311066,39566.48383,11:36:43,17.17472,0,-0.849476,tansition
479,40.037254,116.310922,39566.48384,11:36:44,18.451124,0,1.2764007,decelerate
480,40.037374,116.31078,39566.48385,11:36:45,18.006338,0,-0.44478512,tansition
481,40.037488,116.310644,39566.48387,11:36:46,17.169168,0,-0.8371747,tansition
482,40.037604,116.31049,39566.48388,11:36:47,18.392956,0,1.2237847,decelerate
483,40.037715,116.310344,39566.48389,11:36:48,17.517666,0,-0.87528807,tansition
484,40.037822,116.310203,39566.4839,11:36:49,16.902176,0,-0.61548865,tansition
485,40.037937,116.310041,39566.48391,11:36:50,18.808844,0,1.9066793,tansition
486,40.03804,116.309903,39566.48392,11:36:51,16.40818,0,-2.4006584,accelerate
487,40.038161,116.30977,39566.48394,11:36:52,17.585936,0,1.1777529,tansition
488,40.0383,116.309599,39566.48395,11:36:53,21.233704,0,3.6477604,decelerate
489,40.038428,116.309444,39566.48396,11:36:54,19.41004,0,-1.8236748,tansition
490,40.038553,116.309297,39566.48397,11:36:55,18.70415,0,-0.70588917,tansition
491,40.038676,116.309146,39566.48398,11:36:56,18.771019,0,0.066869594,tansition
492,40.038802,116.309001,39566.48399,11:36:57,18.673908,0,-0.09711054,tansition
493,40.038937,116.308842,39566.484,11:36:58,20.214273,0,1.5403745,decelerate
494,40.039073,116.308696,39566.48402,11:36:59,19.576036,0,-0.6382356,decelerate
495,40.039211,116.308554,39566.48403,11:37:00,19.535791,0,-0.04024497,decelerate
496,40.039351,116.308416,39566.48404,11:37:01,19.503946,0,-0.031845026,decelerate
497,40.039493,116.308285,39566.48405,11:37:02,19.33224,0,-0.1717082,decelerate
498,40.039639,116.308171,39566.48406,11:37:03,18.915226,0,-0.41701227,tansition
499,40.039782,116.308071,39566.48407,11:37:04,18.037432,0,-0.8777924,tansition
500,40.039928,116.307968,39566.48409,11:37:05,18.452354,0,0.41492522,tansition
501,40.040073,116.307869,39566.4841,11:37:06,18.194193,0,-0.258161,tansition
502,40.040217,116.307765,39566.48411,11:37:07,18.297852,0,0.10365846,tansition
503,40.040363,116.307676,39566.48412,11:37:08,17.916481,0,-0.38136974,accelerate
504,40.04051,116.307589,39566.48413,11:37:09,17.94651,0,0.03002948,accelerate
505,40.040663,116.307503,39566.48414,11:37:10,18.522316,0,0.5758045,tansition
506,40.040817,116.307418,39566.48416,11:37:11,18.591204,0,0.06888756,decelerate
507,40.04097,116.307335,39566.48417,11:37:12,18.422842,0,-0.1683613,decelerate
508,40.041122,116.307249,39566.48418,11:37:13,18.420355,0,-0.002487198,tansition
509,40.041272,116.307162,39566.48419,11:37:14,18.250715,0,-0.16963923,tansition
510,40.041423,116.307072,39566.4842,11:37:15,18.456951,0,0.20623545,decelerate
511,40.041572,116.306985,39566.48421,11:37:16,18.149126,0,-0.30782443,tansition
512,40.041719,116.306897,39566.48422,11:37:17,17.981758,0,-0.16736895,accelerate
513,40.041873,116.306814,39566.48424,11:37:18,18.52555,0,0.5437916,accelerate
514,40.042033,116.306747,39566.48425,11:37:19,18.684183,0,0.15863194,accelerate
515,40.042192,116.306665,39566.48426,11:37:20,19.009266,0,0.3250821,accelerate
516,40.042355,116.306574,39566.48427,11:37:21,19.712175,0,0.7029137,tansition
517,40.042528,116.306473,39566.48428,11:37:22,21.07196,0,1.3597822,decelerate
518,40.042694,116.306369,39566.48429,11:37:23,20.472918,0,-0.59904164,decelerate
519,40.042844,116.30627,39566.48431,11:37:24,18.688564,0,-1.7843494,decelerate
520,40.04299,116.306169,39566.48432,11:37:25,18.371866,0,-0.31669998,tansition
521,40.043134,116.306064,39566.48433,11:37:26,18.339012,0,-0.03285401,accelerate
522,40.043279,116.305955,39566.48434,11:37:27,18.603668,0,0.2646555,accelerate
523,40.043426,116.305845,39566.48435,11:37:28,18.838919,0,0.23524998,tansition
524,40.043574,116.305735,39566.48436,11:37:29,18.935635,0,0.096716516,tansition
525,40.043712,116.305627,39566.48438,11:37:30,17.889273,0,-1.0463597,tansition
526,40.043856,116.305514,39566.48439,11:37:31,18.680386,0,0.79111123,decelerate
527,40.043997,116.305399,39566.4844,11:37:32,18.484966,0,-0.19542049,tansition
528,40.044134,116.305282,39566.48441,11:37:33,18.201647,0,-0.28331888,tansition
529,40.044273,116.305164,39566.48442,11:37:34,18.434439,0,0.23279141,decelerate
530,40.044411,116.305045,39566.48443,11:37:35,18.38805,0,-0.04638853,tansition
531,40.044549,116.304929,39566.48444,11:37:36,18.248732,0,-0.13931932,tansition
532,40.044691,116.304813,39566.48446,11:37:37,18.62418,0,0.37544742,tansition
533,40.044833,116.304701,39566.48447,11:37:38,18.445877,0,-0.17830239,accelerate
534,40.044977,116.304592,39566.48448,11:37:39,18.507254,0,0.06137644,accelerate
535,40.045122,116.304475,39566.48449,11:37:40,18.952578,0,0.44532663,tansition
536,40.045268,116.304358,39566.4845,11:37:41,19.047108,0,0.094529904,decelerate
537,40.045414,116.304242,39566.48451,11:37:42,19.00272,0,-0.044387724,tansition
538,40.045555,116.304129,39566.48453,11:37:43,18.395094,0,-0.60762465,accelerate
539,40.0457,116.304015,39566.48454,11:37:44,18.819574,0,0.424483,tansition
540,40.045848,116.3039,39566.48455,11:37:45,19.149391,0,0.32981613,decelerate
541,40.045995,116.303784,39566.48456,11:37:46,19.097773,0,-0.051618468,decelerate
542,40.04614,116.303671,39566.48457,11:37:47,18.77563,0,-0.32214096,decelerate
543,40.046285,116.303563,39566.48458,11:37:48,18.561302,0,-0.21433006,decelerate
544,40.04643,116.303457,39566.48459,11:37:49,18.477402,0,-0.08390027,decelerate
545,40.046575,116.303352,39566.48461,11:37:50,18.43597,0,-0.041431338,tansition
546,40.046715,116.30324,39566.48462,11:37:51,18.255713,0,-0.18025741,accelerate
547,40.046856,116.303127,39566.48463,11:37:52,18.395147,0,0.13943566,accelerate
548,40.046998,116.303014,39566.48464,11:37:53,18.489864,0,0.094716825,tansition
549,40.047147,116.302899,39566.48465,11:37:54,19.244953,0,0.7550872,decelerate
550,40.047286,116.302787,39566.48466,11:37:55,18.161081,0,-1.0838784,tansition
551,40.04742,116.302671,39566.48468,11:37:56,17.875921,0,-0.28515947,accelerate
552,40.047558,116.302555,39566.48469,11:37:57,18.248346,0,0.3724243,tansition
553,40.047701,116.302439,39566.4847,11:37:58,18.718325,0,0.46997735,tansition
554,40.04784,116.302325,39566.48471,11:37:59,18.250994,0,-0.46733376,tansition
555,40.047984,116.302211,39566.48472,11:38:00,18.724064,0,0.47306913,decelerate
556,40.048124,116.3021,39566.48473,11:38:01,18.211298,0,-0.5127648,decelerate
557,40.048254,116.301995,39566.48475,11:38:02,16.99624,0,-1.2150548,decelerate
558,40.048379,116.301899,39566.48476,11:38:03,16.124554,0,-0.87169224,decelerate
559,40.048503,116.301811,39566.48477,11:38:04,15.692393,0,-0.43215945,decelerate
560,40.048627,116.301732,39566.48478,11:38:05,15.341445,0,-0.3509476,decelerate
561,40.048748,116.301671,39566.48479,11:38:06,14.42257,0,-0.9188728,decelerate
562,40.048868,116.301612,39566.4848,11:38:07,14.258139,0,-0.16443257,decelerate
563,40.048981,116.30155,39566.48481,11:38:08,13.629118,0,-0.6290194,decelerate
564,40.049091,116.301487,39566.48483,11:38:09,13.356116,0,-0.2730011,decelerate
565,40.049198,116.301422,39566.48484,11:38:10,13.122142,0,-0.23397397,decelerate
566,40.049305,116.301373,39566.48485,11:38:11,12.60858,0,-0.5135653,tansition
567,40.049389,116.30133,39566.48486,11:38:12,10.032494,0,-2.5760806,tansition
568,40.049474,116.301281,39566.48487,11:38:13,10.331531,0,0.29903635,decelerate
569,40.04956,116.301243,39566.48488,11:38:14,10.095572,0,-0.2359576,decelerate
570,40.049722,116.301186,39566.48491,11:38:16,9.328354,0,-0.38361004,tansition
571,40.049858,116.301132,39566.48493,11:38:18,7.9032707,0,-0.7125401,tansition
572,40.049992,116.301051,39566.48495,11:38:20,8.209488,0,0.1531089,decelerate
573,40.050105,116.300969,39566.48498,11:38:22,7.1871734,0,-0.5111583,decelerate
574,40.050203,116.300894,39566.485,11:38:24,6.315043,0,-0.43606427,decelerate
575,40.050271,116.300812,39566.48502,11:38:26,5.145421,0,-0.5848121,decelerate
576,40.050321,116.300751,39566.48505,11:38:28,3.8038225,0,-0.6707978,decelerate
577,40.050344,116.300717,39566.48507,11:38:30,1.9311793,0,-0.93632346,decelerate
578,40.050362,116.300687,39566.48509,11:38:32,1.622326,8,-0.1544263,stop
579,40.050375,116.300681,39566.48512,11:38:34,0.7665975,8,-0.4278651,stop
580,40.050382,116.300694,39566.48514,11:38:36,0.6764741,8,-0.04506161,stop
581,40.050381,116.300712,39566.48516,11:38:38,0.7681201,8,0.045823097,stop
582,40.050385,116.30072,39566.48519,11:38:40,0.40668958,8,-0.18071488,stop
583,40.050391,116.300733,39566.48521,11:38:42,0.64608955,8,0.11970022,stop
584,40.050389,116.300744,39566.48523,11:38:44,0.4811986,8,-0.0824453,stop
585,40.050379,116.30075,39566.48525,11:38:46,0.6118498,8,0.065325715,stop
586,40.050373,116.300754,39566.48528,11:38:48,0.37453356,8,-0.11865786,stop
587,40.05037,116.300758,39566.4853,11:38:50,0.2383418,8,-0.06809602,stop
588,40.050363,116.300768,39566.48532,11:38:52,0.576738,8,0.16919774,stop
589,40.050348,116.300782,39566.48535,11:38:54,1.0250024,0,0.22413263,tansition
590,40.050332,116.300797,39566.48537,11:38:56,1.0949835,9,0.034990475,stop
591,40.050331,116.3008,39566.48539,11:38:58,0.13926503,9,-0.47786015,stop
592,40.050331,116.3008,39566.48542,11:39:00,0,9,-0.06963237,stop
593,40.050334,116.300796,39566.48544,11:39:02,0.23834187,9,0.119171165,stop
594,40.050342,116.300791,39566.48546,11:39:04,0.49309132,9,0.12737446,stop
595,40.050345,116.300792,39566.48549,11:39:06,0.17214738,9,-0.16047229,stop
596,40.050347,116.300793,39566.48551,11:39:08,0.119068235,9,-0.026539516,stop
597,40.050358,116.300792,39566.48553,11:39:10,0.61309016,9,0.24701145,stop
598,40.050375,116.30079,39566.48556,11:39:12,0.9490383,9,0.16797373,stop
599,40.050397,116.300787,39566.48558,11:39:14,1.229868,0,0.14041515,accelerate
600,40.050444,116.300791,39566.4856,11:39:16,2.6187875,0,0.69446135,accelerate
601,40.050496,116.300795,39566.48563,11:39:18,2.8962474,0,0.13872959,accelerate
602,40.050592,116.300803,39566.48565,11:39:20,5.348547,0,1.2261525,tansition
603,40.05069,116.300796,39566.48566,11:39:21,10.914022,0,5.56546,tansition
604,40.050875,116.300758,39566.48568,11:39:23,10.412515,0,-0.25075334,tansition
605,40.05101,116.300694,39566.48569,11:39:24,15.970255,0,5.557774,decelerate
606,40.051139,116.300655,39566.48571,11:39:25,14.72412,0,-1.2461321,tansition
607,40.051257,116.300589,39566.48572,11:39:26,14.273867,0,-0.45025253,accelerate
608,40.051406,116.300524,39566.48573,11:39:27,17.468416,0,3.194543,tansition
609,40.051554,116.300452,39566.48574,11:39:28,17.56207,0,0.0936552,tansition
610,40.051701,116.300383,39566.48575,11:39:29,17.369755,0,-0.19231565,tansition
611,40.051872,116.300317,39566.48576,11:39:30,19.827997,0,2.4582372,tansition
612,40.052031,116.30025,39566.48578,11:39:31,18.578064,0,-1.2499306,accelerate
613,40.052193,116.300175,39566.48579,11:39:32,19.112545,0,0.53448427,tansition
614,40.052366,116.30009,39566.4858,11:39:33,20.553436,0,1.4408882,decelerate
615,40.052533,116.299998,39566.48581,11:39:34,20.154264,0,-0.399171,decelerate
616,40.052696,116.299914,39566.48582,11:39:35,19.485117,0,-0.66914606,tansition
617,40.052859,116.299833,39566.48583,11:39:36,19.39302,0,-0.09209689,tansition
618,40.053024,116.29974,39566.48584,11:39:37,19.983067,0,0.5900447,decelerate
619,40.053186,116.299644,39566.48586,11:39:38,19.781301,0,-0.20176463,tansition
620,40.053348,116.299554,39566.48587,11:39:39,19.57585,0,-0.20545153,accelerate
621,40.053514,116.299461,39566.48588,11:39:40,20.085361,0,0.50951505,tansition
622,40.053686,116.299362,39566.48589,11:39:41,20.900696,0,0.8153326,decelerate
623,40.053855,116.299263,39566.4859,11:39:42,20.595837,0,-0.3048585,tansition
624,40.054023,116.299173,39566.48591,11:39:43,20.191687,0,-0.40415272,tansition
625,40.054198,116.299078,39566.48593,11:39:44,21.073397,0,0.8817076,decelerate
626,40.054366,116.298968,39566.48594,11:39:45,20.896805,0,-0.1765915,tansition
627,40.05453,116.298865,39566.48595,11:39:46,20.23492,0,-0.6618829,tansition
628,40.054698,116.298744,39566.48596,11:39:47,21.332907,0,1.0979936,decelerate
629,40.05486,116.298649,39566.48597,11:39:48,19.746199,0,-1.5867037,decelerate
630,40.055021,116.298556,39566.48598,11:39:49,19.57535,0,-0.17084849,decelerate
631,40.055178,116.29847,39566.486,11:39:50,18.93111,0,-0.64423805,tansition
632,40.055329,116.298389,39566.48601,11:39:51,18.151892,0,-0.77922386,accelerate
633,40.055482,116.2983,39566.48602,11:39:52,18.62407,0,0.4721762,accelerate
634,40.055639,116.298206,39566.48603,11:39:53,19.204653,0,0.5805823,accelerate
635,40.055804,116.298107,39566.48604,11:39:54,20.190685,0,0.9860304,tansition
636,40.055973,116.298006,39566.48605,11:39:55,20.666143,0,0.47546133,tansition
637,40.05614,116.297907,39566.48606,11:39:56,20.392975,0,-0.27316782,tansition
638,40.056309,116.297808,39566.48608,11:39:57,20.595713,0,0.20273738,decelerate
639,40.056473,116.297706,39566.48609,11:39:58,20.19808,0,-0.39763176,decelerate
640,40.056634,116.297607,39566.4861,11:39:59,19.787457,0,-0.41062602,decelerate
641,40.05679,116.297507,39566.48611,11:40:00,19.323006,0,-0.46444985,decelerate
642,40.056944,116.297413,39566.48612,11:40:01,18.901823,0,-0.42118174,tansition
643,40.057098,116.297322,39566.48613,11:40:02,18.795158,0,-0.106664434,tansition
644,40.057255,116.297233,39566.48615,11:40:03,19.031366,0,0.23620939,decelerate
645,40.05741,116.297144,39566.48616,11:40:04,18.827387,0,-0.20397906,tansition
646,40.057563,116.297056,39566.48617,11:40:05,18.58953,0,-0.2378554,tansition
647,40.05772,116.296971,39566.48618,11:40:06,18.89826,0,0.30872852,tansition
648,40.057875,116.296888,39566.48619,11:40:07,18.627918,0,-0.2703435,accelerate
649,40.058035,116.296804,39566.4862,11:40:08,19.174965,0,0.5470455,tansition
650,40.0582,116.296716,39566.48622,11:40:09,19.81811,0,0.64314324,tansition
651,40.058361,116.29663,39566.48623,11:40:10,19.342125,0,-0.47598776,tansition
652,40.058524,116.296545,39566.48624,11:40:11,19.51627,0,0.17414427,decelerate
653,40.058685,116.296457,39566.48625,11:40:12,19.407001,0,-0.10926796,decelerate
654,40.05884,116.29637,39566.48626,11:40:13,18.759483,0,-0.6475168,decelerate
655,40.058993,116.296279,39566.48627,11:40:14,18.69397,0,-0.06551405,tansition
656,40.059144,116.296187,39566.48628,11:40:15,18.527409,0,-0.16656066,accelerate
657,40.059296,116.296096,39566.4863,11:40:16,18.59264,0,0.06523118,tansition
658,40.059458,116.296006,39566.48631,11:40:17,19.57558,0,0.9829386,decelerate
659,40.059611,116.295919,39566.48632,11:40:18,18.555475,0,-1.0201122,decelerate
660,40.059762,116.295833,39566.48633,11:40:19,18.317406,0,-0.23806888,tansition
661,40.059909,116.295753,39566.48634,11:40:20,17.707983,0,-0.6094214,accelerate
662,40.060057,116.295675,39566.48635,11:40:21,17.746305,0,0.038322367,tansition
663,40.060214,116.29559,39566.48637,11:40:22,18.898325,0,1.1520272,decelerate
664,40.060369,116.295504,39566.48638,11:40:23,18.725975,0,-0.17234945,tansition
665,40.060519,116.295419,39566.48639,11:40:24,18.181469,0,-0.54450494,tansition
666,40.060676,116.295321,39566.4864,11:40:25,19.348703,0,1.1672319,decelerate
667,40.060825,116.295229,39566.48641,11:40:26,18.326176,0,-1.0225345,decelerate
668,40.060967,116.295121,39566.48642,11:40:27,18.271086,0,-0.055089798,decelerate
669,40.061105,116.295009,39566.48644,11:40:28,18.065361,0,-0.20572428,tansition
670,40.061239,116.294891,39566.48645,11:40:29,17.96939,0,-0.09596995,tansition
671,40.061379,116.294766,39566.48646,11:40:30,18.856178,0,0.8867933,decelerate
672,40.061515,116.294641,39566.48647,11:40:31,18.490442,0,-0.365735,decelerate
673,40.061647,116.29451,39566.48648,11:40:32,18.43275,0,-0.05769145,decelerate
674,40.061779,116.29438,39566.48649,11:40:33,18.381384,0,-0.051366698,decelerate
675,40.061912,116.294256,39566.4865,11:40:34,18.169155,0,-0.21223006,decelerate
676,40.062041,116.294134,39566.48652,11:40:35,17.708452,0,-0.4607019,decelerate
677,40.062164,116.294013,39566.48653,11:40:36,17.121088,0,-0.58736295,decelerate
678,40.062283,116.293894,39566.48654,11:40:37,16.664013,0,-0.45707816,decelerate
679,40.062401,116.29378,39566.48655,11:40:38,16.319149,0,-0.34486294,decelerate
680,40.062518,116.293669,39566.48656,11:40:39,16.07854,0,-0.24060771,decelerate
681,40.062634,116.293561,39566.48657,11:40:40,15.839164,0,-0.23937652,decelerate
682,40.062749,116.293456,39566.48659,11:40:41,15.601225,0,-0.23794048,decelerate
683,40.062861,116.293354,39566.4866,11:40:42,15.181378,0,-0.41984537,decelerate
684,40.062973,116.293253,39566.48661,11:40:43,15.132875,0,-0.048502818,decelerate
685,40.063083,116.293154,39566.48662,11:40:44,14.853148,0,-0.2797264,decelerate
686,40.063187,116.293056,39566.48663,11:40:45,14.25885,0,-0.59430236,decelerate
687,40.063289,116.292959,39566.48664,11:40:46,14.028673,0,-0.2301763,tansition
688,40.06339,116.292864,39566.48666,11:40:47,13.838791,0,-0.18988188,tansition
689,40.063494,116.292768,39566.48667,11:40:48,14.159813,0,0.32102135,tansition
690,40.063597,116.292671,39566.48668,11:40:49,14.118846,0,-0.04096726,accelerate
691,40.070333,116.303491,39566.48749,11:41:59,16.957096,0,0.04054643,tansition
692,40.0704,116.303783,39566.4875,11:42:00,25.941383,0,8.984262,tansition
693,40.070301,116.303943,39566.48751,11:42:01,17.509472,0,-8.431893,accelerate
694,40.070202,116.304122,39566.48752,11:42:02,18.794455,0,1.2849913,tansition
695,40.070132,116.304339,39566.48753,11:42:03,20.03979,0,1.245332,decelerate
696,40.070052,116.304539,39566.48755,11:42:04,19.204327,0,-0.83546025,decelerate
697,40.069971,116.30472,39566.48756,11:42:05,17.843088,0,-1.3612356,decelerate
698,40.069889,116.3049,39566.48757,11:42:06,17.826479,0,-0.016609304,decelerate
699,40.069805,116.305076,39566.48758,11:42:07,17.651392,0,-0.1750866,decelerate
700,40.069742,116.305266,39566.48759,11:42:08,17.621153,0,-0.030239021,decelerate
701,40.06968,116.305453,39566.4876,11:42:09,17.342716,0,-0.27843606,decelerate
702,40.06963,116.305639,39566.48762,11:42:10,16.776602,0,-0.5661182,decelerate
703,40.069584,116.305825,39566.48763,11:42:11,16.634342,0,-0.1422593,tansition
704,40.069567,116.306019,39566.48764,11:42:12,16.616974,0,-0.017368268,accelerate
705,40.069549,116.306217,39566.48765,11:42:13,16.967976,0,0.351001,accelerate
706,40.069537,116.306421,39566.48766,11:42:14,17.411459,0,0.4434863,accelerate
707,40.069525,116.306627,39566.48767,11:42:15,17.58101,0,0.16955149,tansition
708,40.069519,116.306839,39566.48769,11:42:16,18.053211,0,0.47219908,decelerate
709,40.069516,116.307049,39566.4877,11:42:17,17.873808,0,-0.17940292,decelerate
710,40.069514,116.307252,39566.48771,11:42:18,17.276588,0,-0.59722346,tansition
711,40.069515,116.307452,39566.48772,11:42:19,17.020061,0,-0.25652623,tansition
712,40.069519,116.307652,39566.48773,11:42:20,17.02552,0,0.00545882,tansition
713,40.069526,116.307847,39566.48774,11:42:21,16.612461,0,-0.41305837,tansition
714,40.069539,116.308044,39566.48775,11:42:22,16.82677,0,0.21431112,decelerate
715,40.069553,116.30824,39566.48777,11:42:23,16.751795,0,-0.07497576,decelerate
716,40.069564,116.308436,39566.48778,11:42:24,16.724098,0,-0.02769655,decelerate
717,40.069577,116.30863,39566.48779,11:42:25,16.572275,0,-0.15182272,tansition
718,40.069589,116.308824,39566.4878,11:42:26,16.56309,0,-0.009185853,accelerate
719,40.069594,116.30902,39566.48781,11:42:27,16.68855,0,0.12546124,tansition
720,40.069604,116.309218,39566.48782,11:42:28,16.886147,0,0.19759518,decelerate
721,40.069611,116.309414,39566.48784,11:42:29,16.697594,0,-0.18855412,tansition
722,40.069617,116.309608,39566.48785,11:42:30,16.52257,0,-0.17502366,accelerate
723,40.069618,116.309805,39566.48786,11:42:31,16.764746,0,0.24217539,tansition
724,40.069617,116.310002,39566.48787,11:42:32,16.764757,0,1.14E-05,decelerate
725,40.069624,116.310191,39566.48788,11:42:33,16.102568,0,-0.6621939,decelerate
726,40.069631,116.310378,39566.48789,11:42:34,15.932428,0,-0.17013896,decelerate
727,40.069635,116.310564,39566.48791,11:42:35,15.83454,0,-0.097887725,tansition
728,40.069645,116.310743,39566.48792,11:42:36,15.273148,0,-0.5613916,tansition
729,40.069629,116.310936,39566.48793,11:42:37,16.520226,0,1.2470863,decelerate
730,40.06962,116.31112,39566.48794,11:42:38,15.690059,0,-0.830165,decelerate
731,40.069622,116.311281,39566.48795,11:42:39,13.702641,0,-1.9874127,decelerate
732,40.069626,116.311439,39566.48796,11:42:40,13.452904,0,-0.24973625,decelerate
733,40.069624,116.311593,39566.48797,11:42:41,13.107157,0,-0.34574932,decelerate
734,40.069618,116.311745,39566.48799,11:42:42,12.952155,0,-0.15500131,decelerate
735,40.069623,116.311887,39566.488,11:42:43,12.096751,0,-0.8554016,decelerate
736,40.069622,116.31202,39566.48801,11:42:44,11.318635,0,-0.77811456,decelerate
737,40.069616,116.312144,39566.48802,11:42:45,10.573369,0,-0.74527097,tansition
738,40.069613,116.312267,39566.48803,11:42:46,10.472421,0,-0.10094812,tansition
739,40.069621,116.312519,39566.48806,11:42:48,10.731619,0,0.12959878,decelerate
740,40.069625,116.312739,39566.48808,11:42:50,9.363508,0,-0.6840569,decelerate
741,40.069617,116.312925,39566.4881,11:42:52,7.92664,0,-0.71843237,decelerate
742,40.06962,116.313086,39566.48813,11:42:54,6.852481,0,-0.53708065,decelerate
743,40.069628,116.313196,39566.48815,11:42:56,4.7015014,0,-1.0754875,tansition
744,40.069644,116.313281,39566.48817,11:42:58,3.7245014,0,-0.48850095,tansition
745,40.06963,116.313373,39566.48819,11:43:00,3.9911876,0,0.1333434,decelerate
746,40.069611,116.313437,39566.48822,11:43:02,2.9208815,0,-0.5351517,tansition
747,40.069586,116.313451,39566.48824,11:43:04,1.5122895,0,-0.7042976,tansition
748,40.069558,116.313487,39566.48826,11:43:06,2.184037,0,0.33587292,decelerate
749,40.069543,116.313504,39566.48829,11:43:08,1.103994,10,-0.54002273,stop
750,40.069543,116.313508,39566.48831,11:43:10,0.17019697,10,-0.4668974,stop
751,40.069545,116.313513,39566.48833,11:43:12,0.2400568,10,0.034929994,stop
752,40.069542,116.313519,39566.48836,11:43:14,0.30495697,10,0.03245001,stop
753,40.069537,116.313523,39566.48838,11:43:16,0.32596645,10,0.010504762,stop
754,40.069536,116.313537,39566.4884,11:43:18,0.59827864,10,0.13615577,stop
755,40.069536,116.313555,39566.48843,11:43:20,0.76589,10,0.083805874,stop
756,40.069534,116.313567,39566.48845,11:43:22,0.52255994,10,-0.12166473,stop
757,40.06953,116.313571,39566.48847,11:43:24,0.2800551,10,-0.12125269,stop
758,40.069525,116.313571,39566.4885,11:43:26,0.27800378,10,-0.001025659,stop
759,40.069522,116.313567,39566.48852,11:43:28,0.2383077,10,-0.019848086,stop
760,40.069531,116.313562,39566.48854,11:43:30,0.54375356,10,0.15272257,stop
761,40.069541,116.313554,39566.48856,11:43:32,0.6519329,10,0.05408979,stop
762,40.069546,116.31355,39566.48859,11:43:34,0.3259649,10,-0.1629836,stop
763,40.06955,116.313548,39566.48861,11:43:36,0.23812895,10,-0.043918077,stop
764,40.069553,116.313545,39566.48863,11:43:38,0.21004032,10,-0.01404428,stop
765,40.069555,116.313546,39566.48866,11:43:40,0.11906447,10,-0.045488026,stop
766,40.069558,116.313547,39566.48868,11:43:42,0.17214365,10,0.026539525,stop
767,40.06956,116.313548,39566.4887,11:43:44,0.119064465,10,-0.026539654,stop
768,40.069565,116.313551,39566.48873,11:43:46,0.30590853,10,0.0934218,stop
769,40.069573,116.313559,39566.48875,11:43:48,0.5601101,10,0.12710106,stop
770,40.06958,116.313568,39566.48877,11:43:50,0.5460116,10,-0.007049247,stop
771,40.069587,116.313578,39566.4888,11:43:52,0.5766494,10,0.015318868,stop
772,40.069592,116.313588,39566.48882,11:43:54,0.50826365,10,-0.034192957,stop
773,40.069595,116.313597,39566.48884,11:43:56,0.4176941,10,-0.04528468,stop
774,40.069603,116.313605,39566.48887,11:43:58,0.56010985,10,0.07120802,stop
775,40.069662,116.313488,39566.48889,11:44:00,5.9619074,0,2.7008922,decelerate
776,40.0697,116.313419,39566.48891,11:44:02,3.6171298,0,-1.1723914,tansition
777,40.069723,116.313397,39566.48894,11:44:04,1.5848097,0,-1.0161576,tansition
778,40.069818,116.31336,39566.48896,11:44:06,5.5117188,0,1.963459,decelerate
779,40.069888,116.313336,39566.48898,11:44:08,4.0237894,0,-0.7439629,decelerate
780,40.069942,116.313328,39566.489,11:44:10,3.021689,0,-0.50105137,tansition
781,40.069962,116.313346,39566.48903,11:44:12,1.3502417,0,-0.8357216,accelerate
782,40.069958,116.313383,39566.48905,11:44:14,1.5899516,0,0.11985526,tansition
783,40.06997,116.313417,39566.48907,11:44:16,1.5931128,0,0.001580592,tansition
784,40.069985,116.31344,39566.4891,11:44:18,1.2858071,0,-0.1536532,accelerate
785,40.069993,116.31348,39566.48912,11:44:20,1.7591234,0,0.23665757,tansition
786,40.069961,116.313521,39566.48914,11:44:22,2.4917874,0,0.36633283,tansition
787,40.06995,116.313556,39566.48917,11:44:24,1.6099144,0,-0.44093543,accelerate
788,40.069939,116.313592,39566.48919,11:44:26,1.6493605,0,0.019723102,tansition
789,40.06994,116.313638,39566.48921,11:44:28,1.9580432,0,0.15434097,decelerate
790,40.069935,116.313671,39566.48924,11:44:30,1.4313803,0,-0.26333207,tansition
791,40.069935,116.313704,39566.48926,11:44:32,1.4041169,0,-0.013631668,tansition
792,40.06993,116.313738,39566.48928,11:44:34,1.4731425,0,0.034512896,decelerate
793,40.06992,116.313769,39566.48931,11:44:36,1.4314173,0,-0.020862529,tansition
794,40.069917,116.313795,39566.48933,11:44:38,1.1187838,0,-0.15631711,tansition
795,40.069926,116.313836,39566.48935,11:44:40,1.8148607,0,0.3480376,decelerate
796,40.069942,116.31387,39566.48938,11:44:42,1.6983166,0,-0.058272198,tansition
797,40.069953,116.313901,39566.4894,11:44:44,1.4539235,0,-0.12219679,accelerate
798,40.069972,116.313933,39566.48942,11:44:46,1.7233336,0,0.13470478,tansition
799,40.06999,116.313967,39566.48944,11:44:48,1.7591175,0,0.017891979,decelerate
800,40.069999,116.314006,39566.48947,11:44:50,1.7332191,0,-0.012949142,tansition
801,40.070007,116.314043,39566.48949,11:44:52,1.6359499,0,-0.048634745,tansition
802,40.070013,116.314084,39566.48951,11:44:54,1.7761189,0,0.07008436,decelerate
803,40.070011,116.31412,39566.48954,11:44:56,1.5358001,0,-0.120159626,tansition
804,40.070008,116.31415,39566.48956,11:44:58,1.2873212,0,-0.124239184,tansition
805,40.070005,116.314189,39566.48958,11:45:00,1.6677787,0,0.19022913,decelerate
806,40.070007,116.314228,39566.48961,11:45:02,1.6631315,0,-0.002323623,decelerate
807,40.070007,116.314265,39566.48963,11:45:04,1.5743182,0,-0.044406738,tansition
808,40.070003,116.314296,39566.48965,11:45:06,1.3376365,0,-0.1183406,accelerate
809,40.070001,116.314331,39566.48968,11:45:08,1.493366,0,0.07786492,tansition
810,40.069999,116.314369,39566.4897,11:45:10,1.6206799,0,0.06365677,tansition
811,40.070001,116.3144,39566.48972,11:45:12,1.323703,0,-0.14848875,accelerate
812,40.070004,116.314443,39566.48975,11:45:14,1.8371929,0,0.2567443,tansition
813,40.070009,116.314487,39566.48977,11:45:16,1.8926913,0,0.027749244,tansition
814,40.070022,116.314525,39566.48979,11:45:18,1.7710704,0,-0.060810298,tansition
815,40.070036,116.314563,39566.48981,11:45:20,1.7944883,0,0.011709002,tansition
816,40.07005,116.314597,39566.48984,11:45:22,1.6427898,0,-0.07584905,tansition
817,40.070075,116.314618,39566.48986,11:45:24,1.6524434,0,0.004826795,tansition
818,40.070097,116.314635,39566.48988,11:45:26,1.4210796,0,-0.1156816,accelerate
819,40.07011,116.314671,39566.48991,11:45:28,1.6937444,0,0.1363327,tansition
820,40.070118,116.314711,39566.48993,11:45:30,1.7591203,0,0.032687884,tansition
821,40.070133,116.314736,39566.48995,11:45:32,1.3517014,0,-0.20370995,accelerate
822,40.070158,116.314759,39566.48998,11:45:34,1.6999581,0,0.17412794,tansition
823,40.070185,116.31478,39566.49,11:45:36,1.7470204,0,0.023531193,decelerate
824,40.070212,116.314793,39566.49002,11:45:38,1.5998886,0,-0.07356604,tansition
825,40.070232,116.314799,39566.49005,11:45:40,1.1409439,0,-0.22947185,accelerate
826,40.070254,116.3148,39566.49007,11:45:42,1.2239618,0,0.041509055,accelerate
827,40.07028,116.314795,39566.49009,11:45:44,1.4611905,0,0.11861406,tansition
828,40.07031,116.314785,39566.49012,11:45:46,1.7214429,0,0.13012649,tansition
829,40.070339,116.314777,39566.49014,11:45:48,1.6479598,0,-0.036741477,tansition
830,40.070375,116.314772,39566.49016,11:45:50,2.0129101,0,0.1824755,tansition
831,40.070401,116.314761,39566.49019,11:45:52,1.5194983,0,-0.24670537,tansition
832,40.070432,116.314754,39566.49021,11:45:54,1.7491752,0,0.114838645,tansition
833,40.070461,116.31475,39566.49023,11:45:56,1.6213799,0,-0.063897535,tansition
834,40.07049,116.314735,39566.49025,11:45:58,1.7341478,0,0.05638408,tansition
835,40.070516,116.314713,39566.49028,11:46:00,1.722221,0,-0.005963373,tansition
836,40.070542,116.31468,39566.4903,11:46:02,2.0152822,0,0.14653085,decelerate
837,40.070568,116.314664,39566.49032,11:46:04,1.5978974,0,-0.20869192,tansition
838,40.070586,116.314637,39566.49035,11:46:06,1.5236199,0,-0.037138835,tansition
839,40.070624,116.314624,39566.49037,11:46:08,2.1840336,0,0.3302062,tansition
840,40.070657,116.314611,39566.49039,11:46:10,1.9163948,0,-0.13381967,tansition
841,40.070737,116.314624,39566.49042,11:46:12,4.4823217,0,1.2829608,decelerate
842,40.070756,116.314612,39566.49044,11:46:14,1.173336,11,-1.6544961,stop
843,40.070771,116.314602,39566.49046,11:46:16,0.936276,11,-0.11852975,stop
844,40.070782,116.314596,39566.49049,11:46:18,0.66275334,11,-0.1367616,stop
845,40.070789,116.314591,39566.49051,11:46:20,0.4435539,11,-0.109599456,stop
846,40.070802,116.314585,39566.49053,11:46:22,0.76657224,11,0.16150954,stop
847,40.070815,116.314586,39566.49056,11:46:24,0.7240611,11,-0.02125553,stop
848,40.070819,116.314566,39566.49058,11:46:26,0.8795558,11,0.07774755,stop
849,40.070937,116.314512,39566.4906,11:46:28,6.951568,0,3.0359988,decelerate
850,40.070974,116.314509,39566.49063,11:46:30,2.061194,0,-2.4451926,decelerate
851,40.070995,116.314504,39566.49065,11:46:32,1.1868439,12,-0.4371759,stop
852,40.071002,116.314489,39566.49067,11:46:34,0.74753743,12,-0.21965276,stop
853,40.071023,116.314479,39566.49069,11:46:36,1.2427294,0,0.24759649,accelerate
854,40.071044,116.314464,39566.49072,11:46:38,1.330661,0,0.043965723,accelerate
855,40.071064,116.314443,39566.49074,11:46:40,1.4265214,0,0.047930274,accelerate
856,40.071086,116.314425,39566.49076,11:46:42,1.4431964,0,0.00833748,tansition
857,40.071122,116.314407,39566.49079,11:46:44,2.1431537,0,0.3499793,tansition
858,40.07115,116.31439,39566.49081,11:46:46,1.7166497,0,-0.21325156,tansition
859,40.071201,116.314365,39566.49083,11:46:48,3.0285964,0,0.6559747,decelerate
860,40.071242,116.314349,39566.49086,11:46:50,2.3791113,0,-0.32474187,tansition
861,40.071277,116.31434,39566.49088,11:46:52,1.9833537,0,-0.19787917,accelerate
862,40.071318,116.314338,39566.4909,11:46:54,2.2812195,0,0.14893256,tansition
863,40.071389,116.314365,39566.49093,11:46:56,4.11143,0,0.91510713,tansition
864,40.071431,116.314366,39566.49095,11:46:58,2.3356202,0,-0.8879031,tansition
865,40.071462,116.314328,39566.49097,11:47:00,2.3632717,0,0.013825801,decelerate
866,40.071492,116.314301,39566.491,11:47:02,2.0253484,0,-0.16896129,decelerate
867,40.071516,116.314273,39566.49102,11:47:04,1.7888548,13,-0.118247025,stop
868,40.071505,116.314267,39566.49104,11:47:06,0.6627496,13,-0.5630514,stop
869,40.071501,116.314254,39566.49106,11:47:08,0.59616494,13,-0.03329239,stop
870,40.071497,116.314232,39566.49109,11:47:10,0.96211505,13,0.18297467,stop
871,40.071487,116.3142,39566.49111,11:47:12,1.4706957,0,0.25429085,decelerate
872,40.071475,116.31417,39566.49113,11:47:14,1.4403023,14,-0.015196708,stop
873,40.071472,116.314162,39566.49116,11:47:16,0.379059,14,-0.53062266,stop
874,40.07147,116.314133,39566.49118,11:47:18,1.2388942,0,0.4299167,accelerate
875,40.071466,116.314102,39566.4912,11:47:20,1.337614,0,0.049360014,accelerate
876,40.071473,116.31407,39566.49123,11:47:22,1.416074,0,0.039229907,accelerate
877,40.07149,116.314045,39566.49125,11:47:24,1.4229914,0,0.003458686,accelerate
878,40.071511,116.314015,39566.49127,11:47:26,1.7299289,0,0.15346903,accelerate
879,40.071526,116.313965,39566.4913,11:47:28,2.2850406,0,0.2775553,tansition
880,40.071545,116.313901,39566.49132,11:47:30,2.9208229,0,0.31789175,decelerate
881,40.071559,116.313852,39566.49134,11:47:32,2.2254283,0,-0.3476965,decelerate
882,40.071568,116.313816,39566.49137,11:47:34,1.6114025,15,-0.3070135,stop
883,40.071562,116.313796,39566.49139,11:47:36,0.9140157,15,-0.34869266,stop
884,40.071572,116.313772,39566.49141,11:47:38,1.1627152,0,0.12434999,accelerate
885,40.071571,116.313744,39566.49144,11:47:40,1.1926404,0,0.014962582,accelerate
886,40.07157,116.313711,39566.49146,11:47:42,1.4051898,0,0.10627487,accelerate
887,40.071583,116.313676,39566.49148,11:47:44,1.6553277,0,0.1250687,tansition
888,40.071602,116.313644,39566.4915,11:47:46,1.7233149,0,0.03399367,tansition
889,40.071611,116.313615,39566.49153,11:47:48,1.3315006,0,-0.1959067,accelerate
890,40.071612,116.313582,39566.49155,11:47:50,1.4051889,0,0.036844205,tansition
891,40.071607,116.313549,39566.49157,11:47:52,1.4313402,16,0.013075622,stop
892,40.071607,116.31353,39566.4916,11:47:54,0.80841464,16,-0.31146342,stop
893,40.071616,116.313471,39566.49162,11:47:56,2.5597193,0,0.87565047,decelerate
894,40.071613,116.31344,39566.49164,11:47:58,1.3294975,0,-0.6151121,tansition
895,40.071607,116.313412,39566.49167,11:48:00,1.2371702,0,-0.04616352,tansition
896,40.071585,116.313347,39566.49169,11:48:02,3.0240664,0,0.89344984,tansition
897,40.071596,116.313326,39566.49171,11:48:04,1.0827837,0,-0.9706393,tansition
898,40.071632,116.313282,39566.49174,11:48:06,2.7406883,0,0.8289539,tansition
899,40.07165,116.313264,39566.49176,11:48:08,1.260228,0,-0.7402286,tansition
900,40.071689,116.313241,39566.49178,11:48:10,2.379033,0,0.5594036,decelerate
901,40.07173,116.313227,39566.49181,11:48:12,2.3561716,0,-0.011430716,tansition
902,40.071758,116.313218,39566.49183,11:48:14,1.6032314,0,-0.37647083,accelerate
903,40.071822,116.313235,39566.49185,11:48:16,3.6312182,0,1.0139912,tansition
904,40.071824,116.313145,39566.49188,11:48:18,3.8309348,0,0.09985848,decelerate
905,40.071871,116.313172,39566.4919,11:48:20,2.854609,0,-0.48816383,decelerate
906,40.071911,116.31316,39566.49192,11:48:22,2.281885,0,-0.28636146,decelerate
907,40.07192,116.313138,39566.49194,11:48:24,1.0614178,17,-0.61023474,stop
908,40.071917,116.313117,39566.49197,11:48:26,0.9089395,17,-0.076239005,stop
909,40.07192,116.31309,39566.49199,11:48:28,1.1608411,0,0.12595107,tansition
910,40.071934,116.313075,39566.49201,11:48:30,1.0066,0,-0.07712038,accelerate
911,40.071947,116.313058,39566.49204,11:48:32,1.0225669,0,0.007983462,tansition
912,40.07197,116.313041,39566.49206,11:48:34,1.469202,18,0.22331709,stop
913,40.071975,116.313023,39566.49208,11:48:36,0.81475884,18,-0.32722226,stop
914,40.071981,116.313004,39566.49211,11:48:38,0.87453634,18,0.029888686,stop
915,40.071973,116.312975,39566.49213,11:48:40,1.3116162,0,0.21854036,tansition
916,40.071975,116.312946,39566.49215,11:48:42,1.2388852,0,-0.03636543,accelerate
917,40.071965,116.312915,39566.49218,11:48:44,1.4313872,0,0.0962512,tansition
918,40.071946,116.312863,39566.4922,11:48:46,2.451753,0,0.5101818,decelerate
919,40.071929,116.312827,39566.49222,11:48:48,1.799894,19,-0.32593012,stop
920,40.071943,116.312819,39566.49225,11:48:50,0.8495784,19,-0.47515678,stop
921,40.071946,116.312816,39566.49227,11:48:52,0.21003851,19,-0.31977057,stop
922,40.071948,116.312816,39566.49229,11:48:54,0.11120155,19,-0.04941838,stop
923,40.071949,116.312815,39566.49231,11:48:56,0.07001284,19,-0.020594396,stop
924,40.071952,116.312814,39566.49234,11:48:58,0.17214333,19,0.051065136,stop
925,40.071954,116.312814,39566.49236,11:49:00,0.111202,19,-0.030470721,stop
926,40.071948,116.312814,39566.49241,11:49:04,0.16680266,19,0.013900164,stop
927,40.071941,116.312811,39566.49243,11:49:06,0.40960184,19,0.12139933,stop
928,40.071936,116.312809,39566.49245,11:49:08,0.29073715,19,-0.059432458,stop
929,40.071931,116.312809,39566.49248,11:49:10,0.278005,19,-0.006366087,stop
930,40.071926,116.312804,39566.4925,11:49:12,0.3500628,19,0.036028814,stop
931,40.071914,116.31278,39566.49255,11:49:16,0.6099005,19,0.064959414,stop
932,40.071899,116.312775,39566.49257,11:49:18,0.8607202,19,0.12541012,stop
933,40.071888,116.312764,39566.49259,11:49:20,0.7701383,19,-0.04529085,stop
934,40.071877,116.312746,39566.49262,11:49:22,0.9801096,19,0.10498583,stop
935,40.071877,116.312743,39566.49264,11:49:24,0.12764339,19,-0.4262322,stop
936,40.071937,116.312767,39566.49266,11:49:26,3.488846,20,1.6806047,stop
937,40.07195,116.312773,39566.49269,11:49:28,0.7665674,20,-1.3611364,stop
938,40.071962,116.312779,39566.49271,11:49:30,0.71438336,20,-0.026092075,stop
939,40.071974,116.312786,39566.49273,11:49:32,0.73066646,20,0.00814153,stop
940,40.071977,116.312783,39566.49275,11:49:34,0.21003848,20,-0.2603145,stop
941,40.071977,116.312782,39566.49278,11:49:36,0.042547733,20,-0.0837452,stop
942,40.071802,116.312531,39566.49294,11:49:50,2.063918,21,0.14438362,stop
943,40.071791,116.312516,39566.49296,11:49:52,0.88396084,21,-0.5899774,stop
944,40.071786,116.312508,39566.49299,11:49:54,0.4394863,21,-0.2222377,stop
945,40.071781,116.312505,39566.49301,11:49:56,0.3059069,21,-0.06678956,stop
946,40.071778,116.312502,39566.49303,11:49:58,0.2100387,21,-0.047934186,stop
947,40.071783,116.312496,39566.49306,11:50:00,0.37743565,21,0.083698295,stop
948,40.071834,116.312432,39566.49307,11:50:01,7.862867,0,7.4854765,decelerate
949,40.071862,116.312403,39566.49308,11:50:02,3.9729939,22,-3.8898647,stop
950,40.071861,116.312409,39566.4931,11:50:04,0.2612727,22,-1.8558648,stop
951,40.071859,116.31241,39566.49313,11:50:06,0.11906339,22,-0.07110448,stop
952,40.071856,116.31241,39566.49315,11:50:08,0.166803,22,0.023869852,stop
953,40.071854,116.31241,39566.49317,11:50:10,0,22,-0.08340132,destination
